{
  "id": "follow-me-if-you-can",
  "title": "Follow Me If You Can!",
  "description": "Allows one token to follow another token in real-time",
  "version": "1.2.0",
  "author": "Frenchy's module",
  "authors": [
    {
      "name": "Frenchy's Module",
      "flags": {},
      "url": "https://github.com/Frenchy-s-module"
    }
  ],
  "minimumCoreVersion": "10",
  "compatibleCoreVersion": "12",
  "compatibility": {
    "minimum": "10",
    "verified": "12"
  },
  "esmodules": [
    "scripts/main.js"
  ],
  "styles": [
    "styles/follow-me.css"
  ],
  "socket": true,
  "languages": [
    {
      "lang": "en",
      "name": "English",
      "path": "languages/en.json"
    },
    {
      "lang": "fr",
      "name": "Français",
      "path": "languages/fr.json"
      
    },
    {
      "lang": "de",
      "name": "Deutsch",
      "path": "languages/de.json"
    },
    {
      "lang": "es",
      "name": "Español",
      "path": "languages/es.json"
    },
    {
      "lang": "it",
      "name": "Italiano",
      "path": "languages/it.json"
    },
    {
      "lang": "ja",
      "name": "日本語",
      "path": "languages/ja.json"
    },
    {
      "lang": "ko",
      "name": "한국어",
      "path": "languages/ko.json"
    },
    {
      "lang": "nl",
      "name": "Nederlands",
      "path": "languages/nl.json"
    },
    {
      "lang": "zh",
      "name": "中文",
      "path": "languages/zh.json"
    },
    {
      "lang": "da",
      "name": "Dansk",
      "path": "languages/da.json"
    },
    {
      "lang": "no",
      "name": "Norsk",
      "path": "languages/no.json"
    },
    {
      "lang": "pl",
      "name": "Polski",
      "path": "languages/pl.json"
    }
  ],
  "url": "https://github.com/Frenchy-s-module/follow-me-if-you-can",
  "manifest": "https://github.com/Frenchy-s-module/follow-me-if-you-can/releases/download/V1.2.0/module.json",
  "download": "https://github.com/Frenchy-s-module/follow-me-if-you-can/releases/download/V1.2.0/follow-me-if-you-can.zip",
  "relationships": {
    "recommends": []
  },
  "bugs": "https://github.com/Frenchy-s-module/follow-me-if-you-can/issues",
  "changelog": "https://github.com/Frenchy-s-module/follow-me-if-you-can/releases/tag/v1.2.0"
}